{
    "loss": 1.245692491531372,
    "accuracy": 0.7843137383460999
}